Date,HomeTeam,AwayTeam,FTHG,FTAG,FTR,Year,AST,AS,HST,HS,Hg,Ag
2012-08-18,Arsenal,Sunderland,0.0,0.0,D,2012,2.0,3.0,4.0,14.0,0,14
2012-08-18,Fulham,Norwich,5.0,0.0,H,2012,2.0,4.0,9.0,11.0,4,9
2012-08-18,Newcastle,Tottenham,2.0,1.0,H,2012,6.0,12.0,4.0,6.0,8,16
2012-08-18,QPR,Swansea,0.0,5.0,A,2012,8.0,12.0,11.0,20.0,10,15
2012-08-18,Reading,Stoke,1.0,1.0,D,2012,3.0,6.0,3.0,9.0,11,13
2012-08-18,West Brom,Liverpool,3.0,0.0,H,2012,7.0,14.0,10.0,15.0,17,5
2012-08-18,West Ham,Aston Villa,1.0,0.0,H,2012,6.0,10.0,4.0,8.0,18,1
2012-08-19,Man City,Southampton,3.0,2.0,H,2012,6.0,9.0,15.0,20.0,6,12
2012-08-19,Wigan,Chelsea,0.0,2.0,A,2012,3.0,5.0,4.0,12.0,19,2
2012-08-20,Everton,Man United,1.0,0.0,H,2012,7.0,12.0,7.0,16.0,3,7
2012-08-22,Chelsea,Reading,4.0,2.0,H,2012,5.0,7.0,11.0,23.0,2,11
2012-08-25,Aston Villa,Everton,1.0,3.0,A,2012,11.0,19.0,3.0,7.0,1,3
2012-08-25,Chelsea,Newcastle,2.0,0.0,H,2012,5.0,11.0,6.0,11.0,2,8
2012-08-25,Man United,Fulham,3.0,2.0,H,2012,11.0,14.0,11.0,20.0,7,4
2012-08-25,Norwich,QPR,1.0,1.0,D,2012,4.0,6.0,4.0,13.0,9,10
2012-08-25,Southampton,Wigan,0.0,2.0,A,2012,8.0,12.0,9.0,14.0,12,19
2012-08-25,Swansea,West Ham,3.0,0.0,H,2012,6.0,7.0,7.0,10.0,15,18
2012-08-25,Tottenham,West Brom,1.0,1.0,D,2012,5.0,10.0,10.0,18.0,16,17
2012-08-26,Liverpool,Man City,2.0,2.0,D,2012,5.0,11.0,8.0,15.0,5,6
2012-08-26,Stoke,Arsenal,0.0,0.0,D,2012,6.0,16.0,4.0,7.0,13,0
2012-09-01,Man City,QPR,3.0,1.0,H,2012,5.0,9.0,12.0,19.0,6,10
2012-09-01,Swansea,Sunderland,2.0,2.0,D,2012,3.0,4.0,10.0,14.0,15,14
2012-09-01,Tottenham,Norwich,1.0,1.0,D,2012,4.0,10.0,9.0,15.0,16,9
2012-09-01,West Brom,Everton,2.0,0.0,H,2012,5.0,12.0,8.0,14.0,17,3
2012-09-01,West Ham,Fulham,3.0,0.0,H,2012,13.0,14.0,12.0,17.0,18,4
2012-09-01,Wigan,Stoke,2.0,2.0,D,2012,8.0,16.0,5.0,9.0,19,13
2012-09-02,Liverpool,Arsenal,0.0,2.0,A,2012,7.0,11.0,8.0,17.0,5,0
2012-09-02,Newcastle,Aston Villa,1.0,1.0,D,2012,9.0,13.0,6.0,16.0,8,1
2012-09-02,Southampton,Man United,2.0,3.0,A,2012,9.0,18.0,8.0,15.0,12,7
2012-09-15,Arsenal,Southampton,6.0,1.0,H,2012,4.0,9.0,12.0,20.0,0,12
2012-09-15,Aston Villa,Swansea,2.0,0.0,H,2012,5.0,10.0,13.0,17.0,1,15
2012-09-15,Fulham,West Brom,3.0,0.0,H,2012,8.0,10.0,14.0,23.0,4,17
2012-09-15,Man United,Wigan,4.0,0.0,H,2012,4.0,8.0,10.0,17.0,7,19
2012-09-15,Norwich,West Ham,0.0,0.0,D,2012,4.0,9.0,14.0,20.0,9,18
2012-09-15,QPR,Chelsea,0.0,0.0,D,2012,9.0,13.0,6.0,10.0,10,2
2012-09-15,Stoke,Man City,1.0,1.0,D,2012,11.0,15.0,3.0,4.0,13,6
2012-09-15,Sunderland,Liverpool,1.0,1.0,D,2012,9.0,20.0,4.0,6.0,14,5
2012-09-16,Reading,Tottenham,1.0,3.0,A,2012,11.0,22.0,2.0,4.0,11,16
2012-09-17,Everton,Newcastle,2.0,2.0,D,2012,7.0,11.0,10.0,17.0,3,8
2012-09-22,Chelsea,Stoke,1.0,0.0,H,2012,6.0,13.0,9.0,17.0,2,13
2012-09-22,Southampton,Aston Villa,4.0,1.0,H,2012,2.0,8.0,4.0,12.0,12,1
2012-09-22,Swansea,Everton,0.0,3.0,A,2012,19.0,30.0,11.0,18.0,15,3
2012-09-22,West Brom,Reading,1.0,0.0,H,2012,1.0,8.0,4.0,9.0,17,11
2012-09-22,West Ham,Sunderland,1.0,1.0,D,2012,2.0,4.0,11.0,20.0,18,14
2012-09-22,Wigan,Fulham,1.0,2.0,A,2012,9.0,12.0,9.0,18.0,19,4
2012-09-23,Liverpool,Man United,1.0,2.0,A,2012,4.0,8.0,8.0,13.0,5,7
2012-09-23,Man City,Arsenal,1.0,1.0,D,2012,4.0,10.0,10.0,14.0,6,0
2012-09-23,Newcastle,Norwich,1.0,0.0,H,2012,3.0,8.0,8.0,16.0,8,9
2012-09-23,Tottenham,QPR,2.0,1.0,H,2012,6.0,9.0,14.0,18.0,16,10
2012-09-29,Arsenal,Chelsea,1.0,2.0,A,2012,5.0,10.0,5.0,14.0,0,2
2012-09-29,Everton,Southampton,3.0,1.0,H,2012,2.0,8.0,9.0,17.0,3,12
2012-09-29,Fulham,Man City,1.0,2.0,A,2012,12.0,21.0,3.0,7.0,4,6
2012-09-29,Man United,Tottenham,2.0,3.0,A,2012,6.0,10.0,8.0,15.0,7,16
2012-09-29,Norwich,Liverpool,2.0,5.0,A,2012,6.0,10.0,7.0,10.0,9,5
2012-09-29,Reading,Newcastle,2.0,2.0,D,2012,3.0,8.0,7.0,14.0,11,8
2012-09-29,Stoke,Swansea,2.0,0.0,H,2012,0.0,8.0,5.0,10.0,13,15
2012-09-29,Sunderland,Wigan,1.0,0.0,H,2012,3.0,8.0,6.0,11.0,14,19
2012-09-30,Aston Villa,West Brom,1.0,1.0,D,2012,7.0,14.0,8.0,19.0,1,17
2012-10-01,QPR,West Ham,1.0,2.0,A,2012,10.0,17.0,9.0,13.0,10,18
2012-10-06,Chelsea,Norwich,4.0,1.0,H,2012,4.0,7.0,13.0,20.0,2,9
2012-10-06,Man City,Sunderland,3.0,0.0,H,2012,6.0,8.0,16.0,26.0,6,14
2012-10-06,Swansea,Reading,2.0,2.0,D,2012,6.0,8.0,16.0,25.0,15,11
2012-10-06,West Brom,QPR,3.0,2.0,H,2012,6.0,13.0,8.0,13.0,17,10
2012-10-06,West Ham,Arsenal,1.0,3.0,A,2012,14.0,20.0,3.0,7.0,18,0
2012-10-06,Wigan,Everton,2.0,2.0,D,2012,11.0,16.0,6.0,10.0,19,3
2012-10-07,Liverpool,Stoke,0.0,0.0,D,2012,3.0,5.0,5.0,16.0,5,13
2012-10-07,Newcastle,Man United,0.0,3.0,A,2012,9.0,12.0,3.0,13.0,8,7
2012-10-07,Southampton,Fulham,2.0,2.0,D,2012,5.0,14.0,6.0,13.0,12,4
2012-10-07,Tottenham,Aston Villa,2.0,0.0,H,2012,5.0,8.0,10.0,23.0,16,1
2012-10-20,Fulham,Aston Villa,1.0,0.0,H,2012,4.0,9.0,8.0,17.0,4,1
2012-10-20,Liverpool,Reading,1.0,0.0,H,2012,5.0,8.0,13.0,23.0,5,11
2012-10-20,Man United,Stoke,4.0,2.0,H,2012,6.0,8.0,8.0,13.0,7,13
2012-10-20,Norwich,Arsenal,1.0,0.0,H,2012,7.0,13.0,3.0,7.0,9,0
2012-10-20,Swansea,Wigan,2.0,1.0,H,2012,7.0,10.0,11.0,18.0,15,19
2012-10-20,Tottenham,Chelsea,2.0,4.0,A,2012,7.0,11.0,16.0,23.0,16,2
2012-10-20,West Brom,Man City,1.0,2.0,A,2012,13.0,21.0,8.0,16.0,17,6
2012-10-20,West Ham,Southampton,4.0,1.0,H,2012,4.0,11.0,8.0,9.0,18,12
2012-10-21,QPR,Everton,1.0,1.0,D,2012,4.0,10.0,6.0,14.0,10,3
2012-10-21,Sunderland,Newcastle,1.0,1.0,D,2012,7.0,10.0,6.0,16.0,14,8
2012-10-27,Arsenal,QPR,1.0,0.0,H,2012,3.0,4.0,11.0,21.0,0,10
2012-10-27,Aston Villa,Norwich,1.0,1.0,D,2012,6.0,14.0,5.0,7.0,1,9
2012-10-27,Man City,Swansea,1.0,0.0,H,2012,5.0,9.0,5.0,10.0,6,15
2012-10-27,Reading,Fulham,3.0,3.0,D,2012,8.0,16.0,9.0,15.0,11,4
2012-10-27,Stoke,Sunderland,0.0,0.0,D,2012,3.0,6.0,6.0,11.0,13,14
2012-10-27,Wigan,West Ham,2.0,1.0,H,2012,11.0,15.0,13.0,17.0,19,18
2012-10-28,Chelsea,Man United,2.0,3.0,A,2012,7.0,15.0,11.0,14.0,2,7
2012-10-28,Everton,Liverpool,2.0,2.0,D,2012,5.0,12.0,8.0,17.0,3,5
2012-10-28,Newcastle,West Brom,2.0,1.0,H,2012,4.0,8.0,6.0,10.0,8,17
2012-10-28,Southampton,Tottenham,1.0,2.0,A,2012,4.0,11.0,6.0,11.0,12,16
2012-11-03,Fulham,Everton,2.0,2.0,D,2012,15.0,26.0,5.0,8.0,4,3
2012-11-03,Man United,Arsenal,2.0,1.0,H,2012,3.0,7.0,7.0,11.0,7,0
2012-11-03,Norwich,Stoke,1.0,0.0,H,2012,3.0,8.0,8.0,12.0,9,13
2012-11-03,Sunderland,Aston Villa,0.0,1.0,A,2012,6.0,9.0,1.0,11.0,14,1
2012-11-03,Swansea,Chelsea,1.0,1.0,D,2012,7.0,11.0,7.0,9.0,15,2
2012-11-03,Tottenham,Wigan,0.0,1.0,A,2012,4.0,7.0,10.0,13.0,16,19
2012-11-03,West Ham,Man City,0.0,0.0,D,2012,8.0,18.0,1.0,6.0,18,6
2012-11-04,Liverpool,Newcastle,1.0,1.0,D,2012,3.0,10.0,12.0,20.0,5,8
2012-11-04,QPR,Reading,1.0,1.0,D,2012,8.0,18.0,12.0,23.0,10,11
2012-11-05,West Brom,Southampton,2.0,0.0,H,2012,5.0,9.0,6.0,16.0,17,12
2012-11-10,Arsenal,Fulham,3.0,3.0,D,2012,5.0,9.0,9.0,15.0,0,4
2012-11-10,Aston Villa,Man United,2.0,3.0,A,2012,7.0,16.0,7.0,10.0,1,7
2012-11-10,Everton,Sunderland,2.0,1.0,H,2012,4.0,6.0,10.0,16.0,3,14
2012-11-10,Reading,Norwich,0.0,0.0,D,2012,3.0,10.0,3.0,7.0,11,9
2012-11-10,Southampton,Swansea,1.0,1.0,D,2012,3.0,5.0,5.0,11.0,12,15
2012-11-10,Stoke,QPR,1.0,0.0,H,2012,8.0,17.0,5.0,10.0,13,10
2012-11-10,Wigan,West Brom,1.0,2.0,A,2012,4.0,7.0,6.0,14.0,19,17
2012-11-11,Chelsea,Liverpool,1.0,1.0,D,2012,5.0,9.0,3.0,12.0,2,5
2012-11-11,Man City,Tottenham,2.0,1.0,H,2012,2.0,6.0,8.0,16.0,6,16
2012-11-11,Newcastle,West Ham,0.0,1.0,A,2012,5.0,10.0,9.0,14.0,8,18
2012-11-17,Arsenal,Tottenham,5.0,2.0,H,2012,4.0,6.0,10.0,13.0,0,16
2012-11-17,Liverpool,Wigan,3.0,0.0,H,2012,3.0,9.0,11.0,22.0,5,19
2012-11-17,Man City,Aston Villa,5.0,0.0,H,2012,8.0,10.0,8.0,21.0,6,1
2012-11-17,Newcastle,Swansea,1.0,2.0,A,2012,9.0,15.0,10.0,27.0,8,15
2012-11-17,Norwich,Man United,1.0,0.0,H,2012,9.0,12.0,5.0,10.0,9,7
2012-11-17,QPR,Southampton,1.0,3.0,A,2012,15.0,21.0,7.0,13.0,10,12
2012-11-17,Reading,Everton,2.0,1.0,H,2012,11.0,21.0,4.0,12.0,11,3
2012-11-17,West Brom,Chelsea,2.0,1.0,H,2012,12.0,19.0,6.0,8.0,17,2
2012-11-18,Fulham,Sunderland,1.0,3.0,A,2012,9.0,12.0,13.0,18.0,4,14
2012-11-19,West Ham,Stoke,1.0,1.0,D,2012,6.0,12.0,11.0,16.0,18,13
2012-11-24,Aston Villa,Arsenal,0.0,0.0,D,2012,6.0,13.0,8.0,10.0,1,0
2012-11-24,Everton,Norwich,1.0,1.0,D,2012,4.0,8.0,9.0,14.0,3,9
2012-11-24,Man United,QPR,3.0,1.0,H,2012,6.0,10.0,10.0,15.0,7,10
2012-11-24,Stoke,Fulham,1.0,0.0,H,2012,5.0,8.0,3.0,12.0,13,4
2012-11-24,Sunderland,West Brom,2.0,4.0,A,2012,6.0,11.0,12.0,19.0,14,17
2012-11-24,Wigan,Reading,3.0,2.0,H,2012,10.0,16.0,11.0,19.0,19,11
2012-11-25,Chelsea,Man City,0.0,0.0,D,2012,7.0,11.0,1.0,5.0,2,6
2012-11-25,Southampton,Newcastle,2.0,0.0,H,2012,3.0,8.0,10.0,17.0,12,8
2012-11-25,Swansea,Liverpool,0.0,0.0,D,2012,14.0,21.0,8.0,17.0,15,5
2012-11-25,Tottenham,West Ham,3.0,1.0,H,2012,6.0,10.0,13.0,25.0,16,18
2012-11-27,Aston Villa,Reading,1.0,0.0,H,2012,6.0,11.0,7.0,15.0,1,11
2012-11-27,Sunderland,QPR,0.0,0.0,D,2012,9.0,13.0,8.0,13.0,14,10
2012-11-28,Chelsea,Fulham,0.0,0.0,D,2012,7.0,8.0,13.0,17.0,2,4
2012-11-28,Everton,Arsenal,1.0,1.0,D,2012,9.0,12.0,10.0,14.0,3,0
2012-11-28,Man United,West Ham,1.0,0.0,H,2012,3.0,9.0,13.0,23.0,7,18
2012-11-28,Southampton,Norwich,1.0,1.0,D,2012,5.0,9.0,2.0,8.0,12,9
2012-11-28,Stoke,Newcastle,2.0,1.0,H,2012,6.0,7.0,5.0,11.0,13,8
2012-11-28,Swansea,West Brom,3.0,1.0,H,2012,2.0,6.0,8.0,13.0,15,17
2012-11-28,Tottenham,Liverpool,2.0,1.0,H,2012,9.0,14.0,7.0,14.0,16,5
2012-11-28,Wigan,Man City,0.0,2.0,A,2012,6.0,15.0,4.0,9.0,19,6
2012-12-01,Arsenal,Swansea,0.0,2.0,A,2012,10.0,12.0,8.0,10.0,0,15
2012-12-01,Fulham,Tottenham,0.0,3.0,A,2012,6.0,10.0,2.0,8.0,4,16
2012-12-01,Liverpool,Southampton,1.0,0.0,H,2012,4.0,8.0,11.0,24.0,5,12
2012-12-01,Man City,Everton,1.0,1.0,D,2012,5.0,8.0,6.0,9.0,6,3
2012-12-01,QPR,Aston Villa,1.0,1.0,D,2012,3.0,7.0,12.0,17.0,10,1
2012-12-01,Reading,Man United,3.0,4.0,A,2012,5.0,10.0,7.0,10.0,11,7
2012-12-01,West Brom,Stoke,0.0,1.0,A,2012,4.0,6.0,11.0,14.0,17,13
2012-12-01,West Ham,Chelsea,3.0,1.0,H,2012,9.0,16.0,13.0,16.0,18,2
2012-12-02,Norwich,Sunderland,2.0,1.0,H,2012,6.0,16.0,5.0,7.0,9,14
2012-12-03,Newcastle,Wigan,3.0,0.0,H,2012,4.0,9.0,8.0,16.0,8,19
2012-12-08,Arsenal,West Brom,2.0,0.0,H,2012,2.0,7.0,7.0,16.0,0,17
2012-12-08,Aston Villa,Stoke,0.0,0.0,D,2012,0.0,1.0,5.0,9.0,1,13
2012-12-08,Southampton,Reading,1.0,0.0,H,2012,2.0,6.0,9.0,18.0,12,11
2012-12-08,Sunderland,Chelsea,1.0,3.0,A,2012,5.0,11.0,10.0,14.0,14,2
2012-12-08,Swansea,Norwich,3.0,4.0,A,2012,8.0,10.0,10.0,21.0,15,9
2012-12-08,Wigan,QPR,2.0,2.0,D,2012,4.0,8.0,9.0,14.0,19,10
2012-12-09,Everton,Tottenham,2.0,1.0,H,2012,6.0,8.0,11.0,17.0,3,16
2012-12-09,Man City,Man United,2.0,3.0,A,2012,3.0,8.0,11.0,16.0,6,7
2012-12-09,West Ham,Liverpool,2.0,3.0,A,2012,8.0,16.0,6.0,9.0,18,5
2012-12-10,Fulham,Newcastle,2.0,1.0,H,2012,13.0,20.0,7.0,16.0,4,8
2012-12-11,Sunderland,Reading,3.0,0.0,H,2012,5.0,12.0,11.0,16.0,14,11
2012-12-15,Liverpool,Aston Villa,1.0,3.0,A,2012,6.0,9.0,17.0,26.0,5,1
2012-12-15,Man United,Sunderland,3.0,1.0,H,2012,10.0,13.0,6.0,15.0,7,14
2012-12-15,Newcastle,Man City,1.0,3.0,A,2012,10.0,16.0,8.0,17.0,8,6
2012-12-15,Norwich,Wigan,2.0,1.0,H,2012,6.0,12.0,10.0,16.0,9,19
2012-12-15,QPR,Fulham,2.0,1.0,H,2012,3.0,6.0,9.0,19.0,10,4
2012-12-15,Stoke,Everton,1.0,1.0,D,2012,5.0,9.0,8.0,14.0,13,3
2012-12-16,Tottenham,Swansea,1.0,0.0,H,2012,0.0,4.0,16.0,24.0,16,15
2012-12-16,West Brom,West Ham,0.0,0.0,D,2012,2.0,10.0,10.0,19.0,17,18
2012-12-17,Reading,Arsenal,2.0,5.0,A,2012,17.0,25.0,5.0,7.0,11,0
2012-12-22,Liverpool,Fulham,4.0,0.0,H,2012,6.0,7.0,12.0,22.0,5,4
2012-12-22,Man City,Reading,1.0,0.0,H,2012,1.0,6.0,10.0,17.0,6,11
2012-12-22,Newcastle,QPR,1.0,0.0,H,2012,4.0,5.0,8.0,18.0,8,10
2012-12-22,Southampton,Sunderland,0.0,1.0,A,2012,6.0,10.0,7.0,13.0,12,14
2012-12-22,Tottenham,Stoke,0.0,0.0,D,2012,2.0,4.0,14.0,21.0,16,13
2012-12-22,West Brom,Norwich,2.0,1.0,H,2012,4.0,10.0,8.0,12.0,17,9
2012-12-22,West Ham,Everton,1.0,2.0,A,2012,8.0,15.0,5.0,6.0,18,3
2012-12-22,Wigan,Arsenal,0.0,1.0,A,2012,8.0,10.0,5.0,13.0,19,0
2012-12-23,Chelsea,Aston Villa,8.0,0.0,H,2012,4.0,7.0,18.0,24.0,2,1
2012-12-23,Swansea,Man United,1.0,1.0,D,2012,16.0,19.0,10.0,14.0,15,7
2012-12-26,Aston Villa,Tottenham,0.0,4.0,A,2012,16.0,20.0,1.0,4.0,1,16
2012-12-26,Everton,Wigan,2.0,1.0,H,2012,6.0,10.0,9.0,17.0,3,19
2012-12-26,Fulham,Southampton,1.0,1.0,D,2012,3.0,7.0,2.0,10.0,4,12
2012-12-26,Man United,Newcastle,4.0,3.0,H,2012,11.0,16.0,10.0,16.0,7,8
2012-12-26,Norwich,Chelsea,0.0,1.0,A,2012,11.0,20.0,4.0,8.0,9,2
2012-12-26,QPR,West Brom,1.0,2.0,A,2012,6.0,12.0,8.0,18.0,10,17
2012-12-26,Reading,Swansea,0.0,0.0,D,2012,4.0,10.0,2.0,3.0,11,15
2012-12-26,Stoke,Liverpool,3.0,1.0,H,2012,6.0,12.0,6.0,7.0,13,5
2012-12-26,Sunderland,Man City,1.0,0.0,H,2012,12.0,19.0,6.0,12.0,14,6
2012-12-29,Arsenal,Newcastle,7.0,3.0,H,2012,8.0,10.0,12.0,16.0,0,8
2012-12-29,Aston Villa,Wigan,0.0,3.0,A,2012,6.0,9.0,4.0,11.0,1,19
2012-12-29,Fulham,Swansea,1.0,2.0,A,2012,9.0,10.0,13.0,22.0,4,15
2012-12-29,Man United,West Brom,2.0,0.0,H,2012,9.0,13.0,14.0,17.0,7,17
2012-12-29,Norwich,Man City,3.0,4.0,A,2012,9.0,13.0,8.0,13.0,9,6
2012-12-29,Reading,West Ham,1.0,0.0,H,2012,3.0,11.0,2.0,3.0,11,18
2012-12-29,Stoke,Southampton,3.0,3.0,D,2012,7.0,8.0,8.0,10.0,13,12
2012-12-29,Sunderland,Tottenham,1.0,2.0,A,2012,14.0,18.0,6.0,9.0,14,16
2012-12-30,Everton,Chelsea,1.0,2.0,A,2012,10.0,15.0,6.0,12.0,3,2
2012-12-30,QPR,Liverpool,0.0,3.0,A,2012,11.0,16.0,7.0,14.0,10,5
2013-01-01,Man City,Stoke,3.0,0.0,H,2013,3.0,4.0,9.0,17.0,6,13
2013-01-01,Southampton,Arsenal,1.0,1.0,D,2013,4.0,6.0,6.0,9.0,12,0
2013-01-01,Swansea,Aston Villa,2.0,2.0,D,2013,6.0,8.0,13.0,23.0,15,1
2013-01-01,Tottenham,Reading,3.0,1.0,H,2013,4.0,7.0,20.0,30.0,16,11
2013-01-01,West Brom,Fulham,1.0,2.0,A,2013,5.0,10.0,10.0,17.0,17,4
2013-01-01,West Ham,Norwich,2.0,1.0,H,2013,3.0,9.0,8.0,14.0,18,9
2013-01-01,Wigan,Man United,0.0,4.0,A,2013,9.0,14.0,3.0,7.0,19,7
2013-01-02,Chelsea,QPR,0.0,1.0,A,2013,5.0,8.0,11.0,23.0,2,10
2013-01-02,Liverpool,Sunderland,3.0,0.0,H,2013,5.0,6.0,16.0,27.0,5,14
2013-01-02,Newcastle,Everton,1.0,2.0,A,2013,6.0,7.0,11.0,14.0,8,3
2013-01-12,Aston Villa,Southampton,0.0,1.0,A,2013,4.0,11.0,10.0,16.0,1,12
2013-01-12,Everton,Swansea,0.0,0.0,D,2013,2.0,4.0,8.0,16.0,3,15
2013-01-12,Fulham,Wigan,1.0,1.0,D,2013,6.0,15.0,5.0,14.0,4,19
2013-01-12,Norwich,Newcastle,0.0,0.0,D,2013,4.0,9.0,3.0,12.0,9,8
2013-01-12,QPR,Tottenham,0.0,0.0,D,2013,8.0,16.0,1.0,4.0,10,16
2013-01-12,Reading,West Brom,3.0,2.0,H,2013,6.0,11.0,7.0,7.0,11,17
2013-01-12,Stoke,Chelsea,0.0,4.0,A,2013,9.0,11.0,5.0,11.0,13,2
2013-01-12,Sunderland,West Ham,3.0,0.0,H,2013,4.0,9.0,14.0,18.0,14,18
2013-01-13,Arsenal,Man City,0.0,2.0,A,2013,9.0,16.0,4.0,9.0,0,6
2013-01-13,Man United,Liverpool,2.0,1.0,H,2013,5.0,12.0,10.0,15.0,7,5
2013-01-16,Chelsea,Southampton,2.0,2.0,D,2013,3.0,7.0,10.0,19.0,2,12
2013-01-19,Liverpool,Norwich,5.0,0.0,H,2013,3.0,5.0,10.0,17.0,5,9
2013-01-19,Man City,Fulham,2.0,0.0,H,2013,0.0,3.0,11.0,20.0,6,4
2013-01-19,Newcastle,Reading,1.0,2.0,A,2013,2.0,6.0,10.0,15.0,8,11
2013-01-19,Swansea,Stoke,3.0,1.0,H,2013,2.0,7.0,6.0,12.0,15,13
2013-01-19,West Brom,Aston Villa,2.0,2.0,D,2013,7.0,11.0,9.0,25.0,17,1
2013-01-19,West Ham,QPR,1.0,1.0,D,2013,6.0,9.0,13.0,22.0,18,10
2013-01-19,Wigan,Sunderland,2.0,3.0,A,2013,5.0,10.0,11.0,20.0,19,14
2013-01-20,Chelsea,Arsenal,2.0,1.0,H,2013,8.0,12.0,8.0,13.0,2,0
2013-01-20,Tottenham,Man United,1.0,1.0,D,2013,4.0,6.0,18.0,23.0,16,7
2013-01-21,Southampton,Everton,0.0,0.0,D,2013,7.0,10.0,11.0,14.0,12,3
2013-01-23,Arsenal,West Ham,5.0,1.0,H,2013,5.0,7.0,17.0,23.0,0,18
2013-01-29,Aston Villa,Newcastle,1.0,2.0,A,2013,7.0,10.0,4.0,10.0,1,8
2013-01-29,QPR,Man City,0.0,0.0,D,2013,7.0,15.0,3.0,5.0,10,6
2013-01-29,Stoke,Wigan,2.0,2.0,D,2013,6.0,11.0,4.0,9.0,13,19
2013-01-29,Sunderland,Swansea,0.0,0.0,D,2013,8.0,18.0,2.0,4.0,14,15
2013-01-30,Arsenal,Liverpool,2.0,2.0,D,2013,5.0,10.0,6.0,14.0,0,5
2013-01-30,Everton,West Brom,2.0,1.0,H,2013,4.0,7.0,4.0,11.0,3,17
2013-01-30,Fulham,West Ham,3.0,1.0,H,2013,4.0,8.0,6.0,13.0,4,18
2013-01-30,Man United,Southampton,2.0,1.0,H,2013,10.0,21.0,7.0,11.0,7,12
2013-01-30,Norwich,Tottenham,1.0,1.0,D,2013,7.0,12.0,4.0,8.0,9,16
2013-01-30,Reading,Chelsea,2.0,2.0,D,2013,5.0,14.0,2.0,5.0,11,2
2013-02-02,Arsenal,Stoke,1.0,0.0,H,2013,2.0,6.0,9.0,15.0,0,13
2013-02-02,Everton,Aston Villa,3.0,3.0,D,2013,4.0,8.0,13.0,22.0,3,1
2013-02-02,Fulham,Man United,0.0,1.0,A,2013,8.0,13.0,8.0,15.0,4,7
2013-02-02,Newcastle,Chelsea,3.0,2.0,H,2013,6.0,12.0,13.0,19.0,8,2
2013-02-02,QPR,Norwich,0.0,0.0,D,2013,9.0,14.0,7.0,15.0,10,9
2013-02-02,Reading,Sunderland,2.0,1.0,H,2013,6.0,10.0,5.0,9.0,11,14
2013-02-02,West Ham,Swansea,1.0,0.0,H,2013,7.0,11.0,9.0,18.0,18,15
2013-02-02,Wigan,Southampton,2.0,2.0,D,2013,7.0,15.0,3.0,5.0,19,12
2013-02-03,Man City,Liverpool,2.0,2.0,D,2013,12.0,21.0,5.0,9.0,6,5
2013-02-03,West Brom,Tottenham,0.0,1.0,A,2013,13.0,21.0,3.0,4.0,17,16
2013-02-09,Chelsea,Wigan,4.0,1.0,H,2013,10.0,13.0,17.0,25.0,2,19
2013-02-09,Norwich,Fulham,0.0,0.0,D,2013,5.0,7.0,8.0,15.0,9,4
2013-02-09,Southampton,Man City,3.0,1.0,H,2013,4.0,7.0,7.0,13.0,12,6
2013-02-09,Stoke,Reading,2.0,1.0,H,2013,4.0,5.0,10.0,13.0,13,11
2013-02-09,Sunderland,Arsenal,0.0,1.0,A,2013,9.0,18.0,7.0,12.0,14,0
2013-02-09,Swansea,QPR,4.0,1.0,H,2013,8.0,14.0,12.0,13.0,15,10
2013-02-09,Tottenham,Newcastle,2.0,1.0,H,2013,7.0,9.0,9.0,16.0,16,8
2013-02-10,Aston Villa,West Ham,2.0,1.0,H,2013,7.0,13.0,2.0,7.0,1,18
2013-02-10,Man United,Everton,2.0,0.0,H,2013,8.0,9.0,6.0,10.0,7,3
2013-02-11,Liverpool,West Brom,0.0,2.0,A,2013,3.0,4.0,14.0,23.0,5,17
2013-02-17,Liverpool,Swansea,5.0,0.0,H,2013,3.0,4.0,18.0,33.0,5,15
2013-02-23,Arsenal,Aston Villa,2.0,1.0,H,2013,3.0,5.0,14.0,24.0,0,1
2013-02-23,Fulham,Stoke,1.0,0.0,H,2013,2.0,7.0,9.0,20.0,4,13
2013-02-23,Norwich,Everton,2.0,1.0,H,2013,5.0,11.0,9.0,10.0,9,3
2013-02-23,QPR,Man United,0.0,2.0,A,2013,8.0,13.0,5.0,12.0,10,7
2013-02-23,Reading,Wigan,0.0,3.0,A,2013,8.0,14.0,1.0,7.0,11,19
2013-02-23,West Brom,Sunderland,2.0,1.0,H,2013,6.0,10.0,7.0,17.0,17,14
2013-02-24,Man City,Chelsea,2.0,0.0,H,2013,1.0,4.0,11.0,15.0,6,2
2013-02-24,Newcastle,Southampton,4.0,2.0,H,2013,7.0,11.0,5.0,11.0,8,12
2013-02-25,West Ham,Tottenham,2.0,3.0,A,2013,16.0,25.0,6.0,8.0,18,16
2013-03-02,Chelsea,West Brom,1.0,0.0,H,2013,4.0,8.0,19.0,25.0,2,17
2013-03-02,Everton,Reading,3.0,1.0,H,2013,6.0,12.0,12.0,18.0,3,11
2013-03-02,Man United,Norwich,4.0,0.0,H,2013,1.0,1.0,10.0,13.0,7,9
2013-03-02,Southampton,QPR,1.0,2.0,A,2013,3.0,5.0,9.0,17.0,12,10
2013-03-02,Stoke,West Ham,0.0,1.0,A,2013,7.0,10.0,2.0,10.0,13,18
2013-03-02,Sunderland,Fulham,2.0,2.0,D,2013,4.0,7.0,6.0,12.0,14,4
2013-03-02,Swansea,Newcastle,1.0,0.0,H,2013,7.0,14.0,7.0,10.0,15,8
2013-03-02,Wigan,Liverpool,0.0,4.0,A,2013,7.0,8.0,11.0,15.0,19,5
2013-03-03,Tottenham,Arsenal,2.0,1.0,H,2013,6.0,10.0,5.0,11.0,16,0
2013-03-04,Aston Villa,Man City,0.0,1.0,A,2013,12.0,20.0,5.0,10.0,1,6
2013-03-09,Norwich,Southampton,0.0,0.0,D,2013,7.0,15.0,2.0,3.0,9,12
2013-03-09,QPR,Sunderland,3.0,1.0,H,2013,3.0,7.0,8.0,15.0,10,14
2013-03-09,Reading,Aston Villa,1.0,2.0,A,2013,7.0,18.0,4.0,10.0,11,1
2013-03-09,West Brom,Swansea,2.0,1.0,H,2013,4.0,9.0,6.0,12.0,17,15
2013-03-10,Liverpool,Tottenham,3.0,2.0,H,2013,9.0,15.0,4.0,10.0,5,16
2013-03-10,Newcastle,Stoke,2.0,1.0,H,2013,4.0,7.0,6.0,14.0,8,13
2013-03-16,Aston Villa,QPR,3.0,2.0,H,2013,11.0,18.0,6.0,10.0,1,10
2013-03-16,Everton,Man City,2.0,0.0,H,2013,11.0,17.0,5.0,11.0,3,6
2013-03-16,Man United,Reading,1.0,0.0,H,2013,1.0,5.0,8.0,17.0,7,11
2013-03-16,Southampton,Liverpool,3.0,1.0,H,2013,6.0,8.0,12.0,17.0,12,5
2013-03-16,Stoke,West Brom,0.0,0.0,D,2013,5.0,9.0,5.0,13.0,13,17
2013-03-16,Swansea,Arsenal,0.0,2.0,A,2013,11.0,15.0,2.0,9.0,15,0
2013-03-17,Chelsea,West Ham,2.0,0.0,H,2013,9.0,15.0,14.0,24.0,2,18
2013-03-17,Sunderland,Norwich,1.0,1.0,D,2013,3.0,7.0,8.0,16.0,14,9
2013-03-17,Tottenham,Fulham,0.0,1.0,A,2013,2.0,6.0,6.0,12.0,16,4
2013-03-17,Wigan,Newcastle,2.0,1.0,H,2013,4.0,9.0,10.0,13.0,19,8
2013-03-30,Arsenal,Reading,4.0,1.0,H,2013,2.0,4.0,14.0,23.0,0,11
2013-03-30,Everton,Stoke,1.0,0.0,H,2013,5.0,10.0,9.0,15.0,3,13
2013-03-30,Man City,Newcastle,4.0,0.0,H,2013,1.0,5.0,11.0,19.0,6,8
2013-03-30,Southampton,Chelsea,2.0,1.0,H,2013,4.0,7.0,8.0,13.0,12,2
2013-03-30,Sunderland,Man United,0.0,1.0,A,2013,6.0,10.0,4.0,9.0,14,7
2013-03-30,Swansea,Tottenham,1.0,2.0,A,2013,7.0,9.0,3.0,11.0,15,16
2013-03-30,West Ham,West Brom,3.0,1.0,H,2013,11.0,17.0,8.0,14.0,18,17
2013-03-30,Wigan,Norwich,1.0,0.0,H,2013,5.0,9.0,6.0,13.0,19,9
2013-03-31,Aston Villa,Liverpool,1.0,2.0,A,2013,12.0,16.0,7.0,10.0,1,5
2013-04-01,Fulham,QPR,3.0,2.0,H,2013,11.0,19.0,5.0,9.0,4,10
2013-04-06,Norwich,Swansea,2.0,2.0,D,2013,9.0,16.0,9.0,12.0,9,15
2013-04-06,Reading,Southampton,0.0,2.0,A,2013,4.0,12.0,3.0,8.0,11,12
2013-04-06,Stoke,Aston Villa,1.0,3.0,A,2013,8.0,11.0,2.0,6.0,13,1
2013-04-06,West Brom,Arsenal,1.0,2.0,A,2013,6.0,11.0,5.0,16.0,17,0
2013-04-07,Chelsea,Sunderland,2.0,1.0,H,2013,3.0,7.0,7.0,14.0,2,14
2013-04-07,Liverpool,West Ham,0.0,0.0,D,2013,4.0,10.0,12.0,19.0,5,18
2013-04-07,Newcastle,Fulham,1.0,0.0,H,2013,3.0,5.0,10.0,20.0,8,4
2013-04-07,QPR,Wigan,1.0,1.0,D,2013,10.0,16.0,2.0,6.0,10,19
2013-04-07,Tottenham,Everton,2.0,2.0,D,2013,5.0,9.0,10.0,19.0,16,3
2013-04-08,Man United,Man City,1.0,2.0,A,2013,5.0,9.0,7.0,16.0,7,6
2013-04-13,Arsenal,Norwich,3.0,1.0,H,2013,5.0,5.0,7.0,10.0,0,9
2013-04-13,Aston Villa,Fulham,1.0,1.0,D,2013,3.0,8.0,7.0,15.0,1,4
2013-04-13,Everton,QPR,2.0,0.0,H,2013,5.0,8.0,10.0,14.0,3,10
2013-04-13,Reading,Liverpool,0.0,0.0,D,2013,15.0,26.0,5.0,7.0,11,5
2013-04-13,Southampton,West Ham,1.0,1.0,D,2013,4.0,6.0,11.0,15.0,12,18
2013-04-14,Newcastle,Sunderland,0.0,3.0,A,2013,7.0,8.0,9.0,15.0,8,14
2013-04-14,Stoke,Man United,0.0,2.0,A,2013,3.0,9.0,4.0,13.0,13,7
2013-04-16,Arsenal,Everton,0.0,0.0,D,2013,5.0,10.0,6.0,10.0,0,3
2013-04-17,Fulham,Chelsea,0.0,3.0,A,2013,10.0,13.0,7.0,11.0,4,2
2013-04-17,Man City,Wigan,1.0,0.0,H,2013,6.0,8.0,4.0,10.0,6,19
2013-04-17,West Ham,Man United,2.0,2.0,D,2013,9.0,15.0,4.0,10.0,18,7
2013-04-20,Fulham,Arsenal,0.0,1.0,A,2013,7.0,10.0,5.0,7.0,4,0
2013-04-20,Norwich,Reading,2.0,1.0,H,2013,6.0,14.0,9.0,19.0,9,11
2013-04-20,QPR,Stoke,0.0,2.0,A,2013,4.0,11.0,11.0,25.0,10,13
2013-04-20,Sunderland,Everton,1.0,0.0,H,2013,5.0,8.0,4.0,8.0,14,3
2013-04-20,Swansea,Southampton,0.0,0.0,D,2013,5.0,9.0,7.0,14.0,15,12
2013-04-20,West Brom,Newcastle,1.0,1.0,D,2013,6.0,10.0,4.0,8.0,17,8
2013-04-20,West Ham,Wigan,2.0,0.0,H,2013,10.0,18.0,11.0,17.0,18,19
2013-04-21,Liverpool,Chelsea,2.0,2.0,D,2013,6.0,9.0,12.0,23.0,5,2
2013-04-21,Tottenham,Man City,3.0,1.0,H,2013,7.0,11.0,8.0,11.0,16,6
2013-04-22,Man United,Aston Villa,3.0,0.0,H,2013,5.0,8.0,5.0,10.0,7,1
2013-04-27,Everton,Fulham,1.0,0.0,H,2013,2.0,6.0,10.0,17.0,3,4
2013-04-27,Man City,West Ham,2.0,1.0,H,2013,6.0,9.0,10.0,16.0,6,18
2013-04-27,Newcastle,Liverpool,0.0,6.0,A,2013,10.0,11.0,1.0,5.0,8,5
2013-04-27,Southampton,West Brom,0.0,3.0,A,2013,9.0,11.0,4.0,16.0,12,17
2013-04-27,Stoke,Norwich,1.0,0.0,H,2013,0.0,5.0,4.0,12.0,13,9
2013-04-27,Wigan,Tottenham,2.0,2.0,D,2013,7.0,14.0,4.0,6.0,19,16
2013-04-28,Arsenal,Man United,1.0,1.0,D,2013,5.0,10.0,13.0,19.0,0,7
2013-04-28,Chelsea,Swansea,2.0,0.0,H,2013,8.0,11.0,14.0,21.0,2,15
2013-04-28,Reading,QPR,0.0,0.0,D,2013,5.0,15.0,7.0,13.0,11,10
2013-04-29,Aston Villa,Sunderland,6.0,1.0,H,2013,4.0,7.0,15.0,18.0,1,14
2013-05-04,Fulham,Reading,2.0,4.0,A,2013,13.0,20.0,13.0,18.0,4,11
2013-05-04,Norwich,Aston Villa,1.0,2.0,A,2013,6.0,12.0,4.0,9.0,9,1
2013-05-04,QPR,Arsenal,0.0,1.0,A,2013,11.0,13.0,6.0,14.0,10,0
2013-05-04,Swansea,Man City,0.0,0.0,D,2013,8.0,12.0,1.0,7.0,15,6
2013-05-04,Tottenham,Southampton,1.0,0.0,H,2013,6.0,10.0,4.0,7.0,16,12
2013-05-04,West Brom,Wigan,2.0,3.0,A,2013,8.0,13.0,11.0,17.0,17,19
2013-05-04,West Ham,Newcastle,0.0,0.0,D,2013,6.0,11.0,3.0,9.0,18,8
2013-05-05,Liverpool,Everton,0.0,0.0,D,2013,4.0,11.0,8.0,16.0,5,3
2013-05-05,Man United,Chelsea,0.0,1.0,A,2013,6.0,15.0,4.0,10.0,7,2
2013-05-06,Sunderland,Stoke,1.0,1.0,D,2013,7.0,11.0,7.0,14.0,14,13
2013-05-07,Man City,West Brom,1.0,0.0,H,2013,11.0,20.0,9.0,21.0,6,17
2013-05-07,Wigan,Swansea,2.0,3.0,A,2013,6.0,10.0,11.0,14.0,19,15
2013-05-08,Chelsea,Tottenham,2.0,2.0,D,2013,6.0,13.0,8.0,15.0,2,16
2013-05-11,Aston Villa,Chelsea,1.0,2.0,A,2013,8.0,11.0,7.0,12.0,1,2
2013-05-12,Everton,West Ham,2.0,0.0,H,2013,2.0,7.0,13.0,23.0,3,18
2013-05-12,Fulham,Liverpool,1.0,3.0,A,2013,14.0,20.0,8.0,10.0,4,5
2013-05-12,Man United,Swansea,2.0,1.0,H,2013,2.0,5.0,9.0,16.0,7,15
2013-05-12,Norwich,West Brom,4.0,0.0,H,2013,5.0,8.0,8.0,11.0,9,17
2013-05-12,QPR,Newcastle,1.0,2.0,A,2013,7.0,10.0,3.0,8.0,10,8
2013-05-12,Stoke,Tottenham,1.0,2.0,A,2013,15.0,23.0,3.0,6.0,13,16
2013-05-12,Sunderland,Southampton,1.0,1.0,D,2013,10.0,15.0,5.0,5.0,14,12
2013-05-14,Arsenal,Wigan,4.0,1.0,H,2013,5.0,10.0,12.0,19.0,0,19
2013-05-14,Reading,Man City,0.0,2.0,A,2013,20.0,27.0,7.0,11.0,11,6
2013-05-19,Chelsea,Everton,2.0,1.0,H,2013,9.0,16.0,10.0,20.0,2,3
2013-05-19,Liverpool,QPR,1.0,0.0,H,2013,3.0,10.0,20.0,27.0,5,10
2013-05-19,Man City,Norwich,2.0,3.0,A,2013,7.0,12.0,5.0,12.0,6,9
2013-05-19,Newcastle,Arsenal,0.0,1.0,A,2013,3.0,9.0,2.0,7.0,8,0
2013-05-19,Southampton,Stoke,1.0,1.0,D,2013,3.0,7.0,7.0,11.0,12,13
2013-05-19,Swansea,Fulham,0.0,3.0,A,2013,6.0,8.0,11.0,19.0,15,4
2013-05-19,Tottenham,Sunderland,1.0,0.0,H,2013,4.0,6.0,19.0,23.0,16,14
2013-05-19,West Brom,Man United,5.0,5.0,D,2013,8.0,12.0,8.0,15.0,17,7
2013-05-19,West Ham,Reading,4.0,2.0,H,2013,7.0,17.0,12.0,21.0,18,11
2013-05-19,Wigan,Aston Villa,2.0,2.0,D,2013,2.0,5.0,6.0,12.0,19,1
